{"rouge1": 0.2224747458826044, "rouge2": 0.0646586694509628, "rougeL": 0.1579228847881929, "rougeLsum": 0.16711314785197973}