{"bleu": 0.020952005034258273, "precisions": [0.10953635065996029, 0.032143143915744486, 0.01114214147928483, 0.004912324748602614], "brevity_penalty": 1.0, "length_ratio": 4.500795251266341, "translation_length": 1225301, "reference_length": 272241}